Name,Sign L0,Verify L0,Sign L10,Verify L10,Sign L100,Verify L100,Sign L1000,Verify L1000,Sign L10000,Verify L10000,Sign L100000,Verify L100000,Sign L1000000,Verify L1000000,Sign L10000000,Verify L10000000,Sign L10000000,Verify L10000000,
"DILITHIUM_2",0.827720,0.138940,0.839140,0.137570,0.734950,0.131110,0.775700,0.137860,0.868640,0.189530,1.266910,0.610860,5.070440,4.482830,44.672480,44.011290,44.929290,44.297200,
"DILITHIUM_3",1.170230,0.182000,1.222900,0.183600,1.253120,0.184660,1.141160,0.183960,1.172560,0.228570,1.585710,0.611590,5.379530,4.550670,45.461680,44.136050,45.507830,44.504250,
"DILITHIUM_4",0.997960,0.232420,0.998950,0.238190,0.995430,0.244220,0.982970,0.244720,1.152910,0.286620,1.512080,0.671900,5.369580,4.596370,45.364790,44.408140,45.376540,44.167850,
"Falcon-512",4.689450,0.050800,4.730820,0.049270,4.737630,0.052710,4.766160,0.052210,4.768880,0.098020,5.182720,0.493550,9.099460,4.438310,48.693930,44.026250,49.054490,44.442440,
"Falcon-1024",10.318520,0.098760,10.222240,0.097280,10.310340,0.094150,10.375950,0.104220,10.447190,0.143720,10.708220,0.548390,14.620230,4.511860,54.670220,44.522330,54.597980,44.703330,
