Name,Sign L0,Verify L0,Sign L1,Verify L1,Sign L10,Verify L10,Sign L100,Verify L100,Sign L1000,Verify L1000,Sign L10000,Verify L10000,Sign L100000,Verify L100000,Sign L1000000,Verify L1000000,Sign L10000000,Verify L10000000,Sign L100000000,Verify L100000000,
"DILITHIUM_2",3.759000,0.199000,0.715000,0.193000,0.693000,0.210000,0.714000,0.195000,0.562000,0.201000,0.777000,0.262000,1.128000,0.899000,7.821000,5.476000,47.559000,44.739000,456.315000,451.948000,
"DILITHIUM_3",1.793000,0.166000,0.314000,0.176000,0.747000,0.199000,0.910000,0.188000,0.317000,0.169000,3.721000,0.206000,1.315000,0.595000,5.091000,4.370000,47.498000,41.869000,455.319000,453.822000,
"DILITHIUM_4",0.576000,0.217000,2.094000,0.218000,1.243000,0.306000,1.104000,0.218000,2.623000,0.222000,0.795000,0.320000,0.877000,0.692000,7.814000,4.400000,46.776000,41.964000,459.150000,453.489000,
"Falcon-512",4.511000,0.045000,4.555000,0.048000,4.607000,0.045000,4.438000,0.046000,4.557000,0.049000,4.595000,0.086000,4.960000,0.489000,9.391000,4.264000,50.007000,41.896000,458.559000,453.177000,
"Falcon-1024",9.602000,0.165000,10.031000,0.105000,9.839000,0.090000,9.665000,0.089000,9.797000,0.091000,9.843000,0.128000,10.075000,0.513000,14.806000,4.268000,55.116000,41.893000,463.364000,451.635000,
"Rainbow-Ia-Cyclic",1.872000,2.642000,2.019000,2.539000,1.820000,2.237000,2.426000,2.274000,1.835000,2.410000,1.955000,2.590000,2.112000,2.462000,4.533000,4.744000,27.213000,24.526000,259.420000,260.221000,
"Rainbow-Vc-Cyclic",31.566000,39.769000,31.970000,40.611000,31.537000,40.249000,32.304000,40.390000,33.261000,41.485000,33.841000,43.632000,34.314000,44.986000,36.236000,44.487000,54.319000,57.402000,257.655000,237.445000,
