Name,Sign L0,Verify L0,Sign L1,Verify L1,Sign L10,Verify L10,Sign L100,Verify L100,Sign L1000,Verify L1000,Sign L10000,Verify L10000,Sign L100000,Verify L100000,Sign L1000000,Verify L1000000,Sign L10000000,Verify L10000000,Sign L100000000,Verify L100000000,
"DILITHIUM_2",0.096867,0.027197,0.095893,0.027297,0.099107,0.027117,0.103210,0.028207,0.105557,0.031260,0.134943,0.059613,0.435653,0.355820,3.334003,3.258360,32.591307,32.455697,341.744963,341.887880,
"DILITHIUM_3",0.140597,0.040557,0.146917,0.040503,0.151077,0.040197,0.140360,0.040483,0.140670,0.042637,0.170883,0.071607,0.461273,0.361283,3.349590,3.247013,32.602757,32.446113,341.943340,341.812013,
"DILITHIUM_4",0.140257,0.055203,0.144677,0.055743,0.138347,0.056027,0.136130,0.055633,0.141920,0.058887,0.169587,0.088763,0.460123,0.377983,3.354747,3.268593,32.640540,32.500007,341.901527,341.870207,
"Falcon-512",3.947063,0.042640,3.950700,0.042617,3.948617,0.042470,3.950140,0.043110,3.933063,0.045393,3.974367,0.074687,4.275093,0.362827,7.225073,3.275000,36.468550,32.505377,345.903047,341.813740,
"Falcon-1024",8.436800,0.081473,8.419843,0.081690,8.430677,0.081437,8.443183,0.082467,8.435210,0.085167,8.469560,0.114587,8.758067,0.405483,11.696910,3.326750,40.997973,32.580783,350.423507,342.206713,
"Rainbow-Ia-Cyclic",1.154717,1.290930,1.130983,1.287037,1.133800,1.282693,1.141077,1.284650,1.141943,1.289173,1.161093,1.290620,1.220870,1.335720,1.736713,1.798287,6.599113,6.656880,72.652060,72.754290,
"Rainbow-Vc-Cyclic",19.324253,22.864360,19.374643,22.853507,19.356123,22.864873,19.358007,22.908453,19.361467,22.861233,19.351377,22.874217,19.497567,22.990883,20.708743,24.093767,31.369100,34.534283,153.562090,157.006897,
