Name,Sign L0,Verify L0,Sign L1,Verify L1,Sign L10,Verify L10,Sign L100,Verify L100,Sign L1000,Verify L1000,Sign L10000,Verify L10000,Sign L100000,Verify L100000,Sign L1000000,Verify L1000000,Sign L10000000,Verify L10000000,Sign L100000000,Verify L100000000,
"DILITHIUM_2",0.789990,0.132888,0.754382,0.131835,0.800972,0.135815,0.771143,0.137375,0.840328,0.149931,0.906673,0.189432,1.264020,0.579203,5.244251,4.573495,46.588415,45.936693,507.904874,506.805962,
"DILITHIUM_3",1.104063,0.187867,1.148218,0.185991,1.160883,0.184883,1.175650,0.184689,1.174416,0.190970,1.237698,0.233423,1.624560,0.643322,5.707302,4.749834,47.453076,46.434568,501.835210,499.391797,
"DILITHIUM_4",0.990209,0.241217,0.998513,0.238223,1.028763,0.239066,1.023614,0.239860,1.029537,0.243796,1.079947,0.286766,1.458555,0.679431,5.666074,4.778366,45.735434,45.131114,494.188806,492.675553,
"Falcon-512",4.839527,0.051843,4.897056,0.051177,4.836551,0.052149,5.538564,0.063375,4.810382,0.055969,4.884414,0.108593,5.280895,0.510009,9.311278,4.549051,51.464968,46.644242,508.722918,504.614634,
"Falcon-1024",10.555399,0.100775,10.683381,0.101435,10.725394,0.103840,10.979709,0.107342,10.955547,0.109662,10.747913,0.147424,11.007030,0.551627,15.802164,4.843219,57.354198,47.101992,520.169225,509.232806,
