Name,Sign L0,Verify L0,Sign L1,Verify L1,Sign L10,Verify L10,Sign L100,Verify L100,Sign L1000,Verify L1000,Sign L10000,Verify L10000,Sign L100000,Verify L100000,Sign L1000000,Verify L1000000,Sign L10000000,Verify L10000000,Sign L100000000,Verify L100000000,
"DILITHIUM_2",2.028000,0.214000,2.109000,0.130000,0.474000,0.143000,0.349000,0.138000,1.635000,0.135000,0.277000,0.162000,0.682000,0.612000,5.622000,4.763000,46.816000,44.523000,455.453000,460.570000,
"DILITHIUM_3",1.881000,0.182000,1.827000,0.170000,1.737000,0.170000,0.592000,0.171000,1.280000,0.174000,0.655000,0.211000,1.053000,0.592000,4.673000,4.602000,47.469000,42.243000,455.846000,458.271000,
"DILITHIUM_4",1.126000,0.232000,1.250000,0.224000,0.404000,0.220000,4.126000,0.224000,2.063000,0.241000,0.995000,0.267000,2.841000,0.672000,6.824000,4.466000,46.944000,42.692000,462.574000,457.349000,
"Falcon-512",4.627000,0.047000,4.600000,0.053000,4.590000,0.047000,4.564000,0.102000,5.102000,0.054000,4.602000,0.088000,4.969000,0.479000,9.331000,4.675000,52.333000,43.136000,475.497000,465.437000,
"Falcon-1024",9.883000,0.091000,10.099000,0.091000,10.153000,0.095000,9.744000,0.090000,10.149000,0.097000,9.834000,0.133000,10.507000,0.503000,14.679000,4.308000,55.973000,42.500000,473.596000,466.301000,
"Rainbow-Ia-Cyclic",2.593000,2.565000,1.856000,2.456000,1.868000,2.467000,1.857000,2.454000,1.902000,2.511000,1.858000,2.429000,2.183000,2.794000,5.065000,4.614000,27.292000,24.583000,259.973000,260.373000,
"Rainbow-Vc-Cyclic",32.191000,41.701000,34.017000,42.447000,32.375000,40.641000,33.000000,42.272000,33.662000,40.769000,35.910000,44.579000,32.837000,42.234000,37.497000,43.101000,58.255000,59.833000,236.398000,234.880000,
