Name,Sign L0,Verify L0,Sign L1,Verify L1,Sign L10,Verify L10,Sign L100,Verify L100,Sign L1000,Verify L1000,Sign L10000,Verify L10000,Sign L100000,Verify L100000,Sign L1000000,Verify L1000000,Sign L10000000,Verify L10000000,Sign L100000000,Verify L100000000,
"DILITHIUM_2",0.098677,0.026210,0.103093,0.026440,0.099297,0.026610,0.101377,0.027117,0.101673,0.029823,0.124873,0.057513,0.414653,0.343050,3.255740,3.173583,31.447783,31.365647,330.943090,330.767993,
"DILITHIUM_3",0.132633,0.037417,0.130523,0.037747,0.139363,0.037790,0.125883,0.038243,0.138347,0.040683,0.168357,0.068660,0.438170,0.348187,3.235910,3.129953,31.477623,31.332817,330.392880,330.451077,
"DILITHIUM_4",0.138083,0.063697,0.140257,0.063387,0.147743,0.063460,0.135880,0.063710,0.150880,0.066720,0.172640,0.094197,0.445873,0.374023,3.235447,3.160880,31.369070,31.277630,329.752150,329.835053,
"Falcon-512",3.772553,0.039583,3.773553,0.039460,3.780177,0.039573,3.769657,0.039933,3.777307,0.042747,3.798970,0.070473,4.086003,0.347290,6.874377,3.117353,34.964123,31.184113,333.491263,329.767170,
"Falcon-1024",8.082780,0.076293,8.086640,0.076567,8.094680,0.076937,8.068487,0.076667,8.074387,0.079443,8.111937,0.107280,8.389770,0.383103,11.193433,3.155827,39.273447,31.172697,337.483633,329.361773,
"Rainbow-Ia-Cyclic",1.097180,1.230060,1.087547,1.227137,1.080183,1.227577,1.095603,1.231023,1.104627,1.228510,1.094617,1.231727,1.162683,1.276083,1.632433,1.711440,6.273930,6.329423,69.496207,69.453900,
"Rainbow-Vc-Cyclic",18.623620,21.977703,18.624220,21.969250,18.604247,21.945643,18.647260,21.974023,18.618483,21.964893,18.620793,21.987510,18.744353,22.055600,19.892177,23.066033,30.141053,33.118880,147.776767,150.838250,
