Name,Sign L0,Verify L0,Sign L1,Verify L1,Sign L10,Verify L10,Sign L100,Verify L100,Sign L1000,Verify L1000,Sign L10000,Verify L10000,Sign L100000,Verify L100000,Sign L1000000,Verify L1000000,Sign L10000000,Verify L10000000,Sign L100000000,Verify L100000000,
"DILITHIUM_2",0.235880,0.043040,0.277120,0.050737,0.231043,0.042910,0.227587,0.042020,0.230737,0.046217,0.276973,0.075087,0.574623,0.387197,3.647663,3.439130,34.577133,34.187743,347.371817,346.486170,
"DILITHIUM_3",0.279913,0.058830,0.289950,0.059237,0.283457,0.059403,0.282357,0.058490,0.273943,0.061427,0.328710,0.092767,0.601863,0.378143,3.497163,3.260153,33.052310,32.699000,344.486677,344.065190,
"DILITHIUM_4",0.296497,0.086523,0.287737,0.084737,0.276713,0.083940,0.282383,0.084167,0.285723,0.086303,0.326500,0.115743,0.619760,0.416780,3.479480,3.280650,32.981247,32.584933,344.484720,344.105087,
"Falcon-512",4.878967,0.050203,4.848507,0.050123,4.819920,0.050057,4.865907,0.051437,4.896180,0.054850,4.923797,0.089587,5.249040,0.441513,8.864957,4.027460,44.490130,39.720347,418.480233,414.422340,
"Falcon-1024",10.340710,0.097633,10.303540,0.097087,10.283470,0.097080,10.275413,0.098057,10.271727,0.099860,10.289470,0.136360,10.660543,0.489913,14.249750,3.932360,49.298517,38.886580,418.778713,408.631770,
"Rainbow-Ia-Cyclic",1.369783,1.536050,1.378780,1.552813,1.367107,1.550697,1.398710,1.552910,1.389490,1.555417,1.383653,1.567930,1.506777,1.627110,2.147963,2.155717,8.281603,8.300013,89.562070,89.861140,
"Rainbow-Vc-Cyclic",22.901097,27.431140,22.796420,27.308660,22.826643,27.462700,22.890143,27.345480,22.744860,27.224043,22.935477,27.275013,22.989877,27.510207,24.611943,28.942840,39.344370,43.424023,205.615727,210.419420,
