Name,Sign L0,Verify L0,Sign L1,Verify L1,Sign L10,Verify L10,Sign L100,Verify L100,Sign L1000,Verify L1000,Sign L10000,Verify L10000,Sign L100000,Verify L100000,Sign L1000000,Verify L1000000,Sign L10000000,Verify L10000000,Sign L100000000,Verify L100000000,
"Rainbow-Ia-Cyclic",1.974500,2.570100,2.367500,2.760800,1.902900,2.447700,1.961000,2.488000,1.977900,2.430400,2.074000,2.525500,2.121100,2.845200,4.391100,4.728600,26.160900,26.349100,273.674300,263.796300,
"Rainbow-Vc-Cyclic",32.154500,41.070200,32.781700,40.369400,33.224500,41.548200,32.468800,41.348800,32.347300,40.875600,32.497000,41.318400,33.118900,41.563200,34.469200,42.912700,49.341900,56.623900,238.323000,235.576500,
