Same Time (ms),Diff Time (ms),
0.000486,0.000505,
0.000504,0.000523,
0.000510,0.000513,
0.000495,0.000485,
0.000500,0.000514,
0.000489,0.000496,
0.000488,0.000469,
0.000475,0.000474,
0.000470,0.000503,
0.000494,0.000491,
