Same Time (ms),Diff Time (ms),
0.000314,0.000323,
0.000304,0.000316,
0.000318,0.000333,
0.000315,0.000308,
0.000317,0.000293,
0.000324,0.000320,
0.000317,0.000319,
0.000306,0.000309,
0.000295,0.000316,
0.000305,0.000315,
