Same Time (ms),Diff Time (ms),
0.000372,0.000350,
0.000359,0.000341,
0.000313,0.000335,
0.000336,0.000347,
0.000326,0.000328,
0.000315,0.000317,
0.000332,0.000299,
0.000312,0.000341,
0.000334,0.000327,
0.000323,0.000343,
