Same Time (ms),Diff Time (ms),
0.000744,0.000685,
0.000732,0.000668,
0.000716,0.000672,
0.000702,0.000665,
0.000716,0.000669,
0.000708,0.000598,
0.000701,0.000617,
0.000706,0.000606,
0.000723,0.000661,
0.000712,0.000658,
